;Création des campagnes;;;;;Équipe;;Informations des campagnes;;;;;;;Delivery & Marge du mois en cours;;;;;;;Vue d'ensemble;;;;MAPPING;;;;;
Campagne;Géo;Entité;Stats;Levier;Statut;Affiliate;Account; Budget ;Début;Fin;Model; Rém. Ann. ; Rém. NET. ; Rém. Éditeur ; Marge ;Objectif;Objectif ŕ date; Budget restant ;Objectif ŕ date;Volume restant;Volume réalisé; CA interne ; CA externe ;% Budget;% Temps passé;Annonceur;Marché;Campagne;Verticale;MARGE €;
ALDI;FR;CAR;Leadflow;COREG;set-up;Vincent ????;Estelle; 11 403,51 € ;;30/05/2026;CPL; 0,40 € ; 0,32 € ; 0,20 € ;#DIV/0!;28509;28503;15 000,00 €;11 401,29 €;28509;;;;;;;;;;;
ALDI;FR;CAR;Leadflow;COREG;set-up;Vincent ????;Estelle; 11 403,51 € ;;30/06/2026;CPL; 0,40 € ; 0,32 € ; 0,20 € ;#DIV/0!;28509;28484;15 000,00 €;11 393,64 €;28509;;;;;;;;;;;
Alfa Romeo Tonale B2B A EMAIL;FR;CAR;Admin;Emailing;set-up;Vincent ????;Estelle; 13 200,00 € ;;31/05/2026;CPC; 100,00 € ; 80,00 € ; 40,00 € ;#DIV/0!;132;132;13 200,00 €;13 197,14 €;132;0; -   € ; -   € ;0%;100%;ALFA ROMEO;;;;;
Alfa Romeo Tonale B2B DATA CC;FR;CAR;Admin;Emailing;set-up;Philippe ????;Estelle; 2 500,00 € ;;31/05/2026;CPC; 100,00 € ; 80,00 € ; 40,00 € ;#DIV/0!;25;25;2 500,00 €;2 499,46 €;25;0; -   € ; -   € ;0%;100%;ALFA ROMEO;;;;;
AMEX - SOCIAL;IT;DAT;Leadflow;Social;Active;Yanis ????;Alexander; 28 125,00 € ;01/05/2026;31/05/2026;CPL; 75,00 € ; 75,00 € ; 17,32 € ;76,91%;375;254;25 275,00 €;19 052,42 €;337;38; 2 850,00 € ; 658,00 € ;10%;70%;MAZDA;;;AUTOMOBILE; 2 192,00 € ;
Assur O'Poil COREG;FR;CAR;Leadflow;Coreg;Active;Vincent ????;Estelle; 6 000,00 € ;;;CPL; 3,00 € ; 3,00 € ;;#DIV/0!;2000;2000;15 000,00 €;6 000,00 €;2000;;;;;;;;;;;
Assur O'Poil EMAIL;FR;CAR;Tracker ;Emailing;Set-up;Murah ????;Estelle; 4 125,00 € ;;;CPL; 16,50 € ; 16,50 € ;;#DIV/0!;250;250;15 000,00 €;4 125,00 €;250;;;;;;;;;;;
AYVENS VOLVO EX30 - SOCIAL;FR;CAR;Admin;Social;Active;Yanis ????;Manon; 13 095,00 € ;01/05/2026;31/05/2026;CPL; 70,00 € ; 52,50 € ; 27,38 € ;47,85%;145;127;13 066,00 €;8 870,81 €;116;29; 1 522,50 € ; 794,00 € ;20%;70%;AYVENS;B2B;VOLVO EX30;AUTOMOBILE; 728,50 € ;
AYVENS VOLVO EX30 EMAIL;FR;CAR;Admin;Emailing;Active;Vincent ????;Manon; 13 500,00 € ;07/05/2026;31/05/2026;CPL; 90,00 € ; 67,50 € ; 40,00 € ;40,74%;150;90;13 365,00 €;8 100,00 €;15;135; 9 112,50 € ; 5 400,00 € ;90%;63%;AYVENS;B2B;VOLVO EX30;AUTOMOBILE; 3 712,50 € ;
AYVENS VOLVO EX30 EMAIL CC;FR;CAR;Admin;Emailing;Active;Philippe ????;Manon; 3 600,00 € ;07/05/2026;31/05/2026;CPL; 90,00 € ; 67,50 € ; 25,00 € ;62,96%;40;24;3 576,00 €;2 160,00 €;16;24; 1 620,00 € ; 600,00 € ;60%;63%;AYVENS;B2B;VOLVO EX30;AUTOMOBILE; 1 020,00 € ;
BMW F70 SERIE 1;FR;CAR;Tracker ;Emailing;set-up;Vincent ????;Manon; 8 986,00 € ;;30/06/2026;CPC; 1,00 € ; 0,75 € ; 0,30 € ;#DIV/0!;376;8978;8 986,00 €;8 978,22 €;376;;;;0%;100%;BMW;B2C;Serie 1;AUTOMOBILE;;
BMW U10E iX2;FR;CAR;Tracker ;Emailing;set-up;Vincent ????;Manon; 4 992,00 € ;;30/06/2026;CPC; 1,00 € ; 0,75 € ; 0,30 € ;#DIV/0!;379;4988;4 992,00 €;4 987,68 €;379;;;;0%;100%;BMW;B2C;iX2;AUTOMOBILE;;
BMW U11 X1;FR;CAR;Tracker ;Emailing;set-up;Vincent ????;Manon; 9 984,00 € ;;30/06/2026;CPC; 1,00 € ; 0,75 € ; 0,30 € ;#DIV/0!;377;9975;9 984,00 €;9 975,36 €;377;;;;0%;100%;BMW;B2C;X1;AUTOMOBILE;;
BMW UE11 iX1;FR;CAR;Tracker ;Emailing;set-up;Vincent ????;Manon; 4 992,00 € ;;30/06/2026;CPC; 1,00 € ; 0,75 € ; 0,30 € ;#DIV/0!;378;4988;4 992,00 €;4 987,68 €;378;;;;0%;100%;BMW;B2C;iX1;AUTOMOBILE;;
Citroen B2B VP EMAIL;FR;CAR;Admin;Emailing;Active;Vincent ????;Estelle; 4 200,00 € ;;31/05/2026;CPL; 70,00 € ; 56,00 € ; 30,00 € ;#DIV/0!;60;60;4 200,00 €;4 199,09 €;60;0; -   € ; -   € ;0%;100%;CITROEN;B2B;VP;AUTOMOBILE;;
Citroen B2B VP EMUL;FR;CAR;Admin;Emulation;Active;Vincent ????;Estelle; 7 000,00 € ;07/05/2026;31/05/2026;CPL; 70,00 € ; 56,00 € ; 30,00 € ;46,43%;100;60;6 986,00 €;4 200,00 €;86;14; 784,00 € ; 420,00 € ;14%;63%;CITROEN;B2B;VP;AUTOMOBILE;;
Citroen B2B VP EMUL CC;FR;CAR;Admin;Emulation;Active;Philippe ????;Estelle; 3 010,00 € ;;31/05/2026;CPL; 70,00 € ; 56,00 € ; 25,00 € ;#DIV/0!;43;43;3 010,00 €;3 009,35 €;43;0; -   € ; -   € ;0%;100%;CITROEN;B2B;VP;AUTOMOBILE;;
Citroen B2B VU EMAIL;FR;CAR;Admin;Emailing;Active;Vincent ????;Estelle; 4 250,00 € ;07/05/2026;31/05/2026;CPL; 85,00 € ; 68,00 € ; 35,00 € ;48,53%;50;30;4 229,00 €;2 550,00 €;29;21; 1 428,00 € ; 735,00 € ;42%;63%;CITROEN;B2B;VU;AUTOMOBILE;;
Citroen B2B VU EMAIL CC;FR;CAR;Admin;Emailing;Active;Philippe ????;Estelle; 2 210,00 € ;;31/05/2026;CPL; 85,00 € ; 68,00 € ; 25,00 € ;63,24%;26;26;2 181,00 €;2 209,52 €;-3;29; 1 972,00 € ; 725,00 € ;112%;100%;CITROEN;B2B;VU;AUTOMOBILE;;
Citroen B2B VU SOCIAL;FR;CAR;Admin;Emulation;Active;Yanis ????;Estelle; 8 500,00 € ;01/05/2026;31/05/2026;CPL; 85,00 € ; 68,00 € ; 7,08 € ;89,59%;100;68;8 475,00 €;5 758,06 €;75;25; 1 700,00 € ; 177,00 € ;25%;70%;CITROEN;B2B;VU;AUTOMOBILE;;
Citroen C5 AIRCROSS EMAILING;FR;CAR;Admin;Emailing;Active;Vincent ????;Estelle; 37 500,00 € ;06/05/2026;20/06/2026;CPL; 50,00 € ; 40,00 € ; 20,00 € ;58,86%;750;261;27 180,00 €;13 043,48 €;492;258; 10 320,00 € ; 4 246,00 € ;34%;36%;CITROEN;B2C;C5 AIRCROSS;AUTOMOBILE;;
Citroen C5 AIRCROSS EMAILING CC;FR;CAR;Admin;Emailing;Active;Philippe ????;Estelle; 15 000,00 € ;06/05/2026;30/06/2026;CPL; 50,00 € ; 40,00 € ; 7,50 € ;81,25%;300;86;12 040,00 €;4 285,71 €;226;74; 2 960,00 € ; 555,00 € ;25%;29%;CITROEN;B2C;C5 AIRCROSS;AUTOMOBILE;;
Club Med;FR;CAR;Tracker ;Emailing;Active;Sammy ????;Guillaume; 32 500,00 € ;19/05/2026;02/06/2026;CPC; 0,65 € ; 0,65 € ; 0,30 € ;53,85%;50000;10000;28 445,95 €;6 500,00 €;43763;6 237; 4 054,05 € ; 1 871,10 € ;12%;21%;;;;;;
Club Med BE FL EML Mai 26;BEFL;ADV;Tracker;Emailing;Active;Gabin ????;Guillaume; 4 750,00 € ;20/05/2026;02/06/2026;CPC; 0,90 € ; 0,90 € ; 0,45 € ;50,00%;5278;754;4 157,80 €;678,57 €;4620;658; 592,20 € ; 296,10 € ;12%;15%;CLUB MED;B2C;;TRAVEL; 296,10 € ;
Club Med BE FR EML Mai 26;BEFR;ADV;Tracker;Emailing;Active;Gabin ????;Guillaume; 5 750,00 € ;19/05/2026;02/06/2026;CPC; 0,90 € ; 0,90 € ; 0,45 € ;50,00%;6389;1278;4 058,90 €;1 150,00 €;4510;1 879; 1 691,10 € ; 845,55 € ;29%;21%;CLUB MED;B2C;;TRAVEL; 845,55 € ;
Club Med CA EML Mai 26;CA;ADV;Tracker;Emailing;Set-up;Gabin ????;Guillaume; 6 255,00 € ;01/06/2026;31/07/2026;CPC; 0,90 € ; 0,90 € ; 0,45 € ;#DIV/0!;6950;-1139;6 255,00 €;-1 025,41 €;6950;0; -   € ; -   € ;0%;-17%;CLUB MED;B2C;;TRAVEL; -   € ;
Club Med CH EML Mai 26;CH;ADV;Tracker;Emailing;Active;Gabin ????;Guillaume; 3 000,00 € ;20/05/2026;02/06/2026;CPC; 0,90 € ; 0,90 € ; 0,45 € ;50,00%;3333;476;2 990,10 €;428,57 €;3322;11; 9,90 € ; 4,95 € ;0%;15%;CLUB MED;B2C;;TRAVEL; 4,95 € ;
Club Med HP DE;FR;ADV;Tracker;Emailing;budget fait;Murah ????;Guillaume; 5 950,00 € ;29/04/2026;13/05/2026;CPM;;;;#DIV/0!;#DIV/0!;#DIV/0!;5 950,00 €;9 123,33 €;#DIV/0!;2; -   € ; -   € ;#DIV/0!;Finie;CLUB MED;B2C;;TRAVEL; -   € ;
Club Med HP UK;FR;ADV;Tracker;Emailing;budget fait;Murah ????;Guillaume; 5 483,00 € ;29/04/2026;13/05/2026;CPM;;;;#DIV/0!;#DIV/0!;#DIV/0!;5 483,00 €;8 407,27 €;#DIV/0!;1; -   € ; -   € ;#DIV/0!;Finie;CLUB MED;B2C;;TRAVEL; -   € ;
Club Med IT Avril Mai 26;IT;ADV;Tracker;Emailing;Budget fait;Gabin ????;Guillaume; 4 750,00 € ;29/04/2026;13/05/2026;CPM; 8,00 € ; 8,00 € ; 4,00 € ;50,00%;594;910;30,00 €;7 283,33 €;4;590; 4 720,00 € ; 2 360,00 € ;99%;Finie;CLUB MED;B2C;;TRAVEL; 2 360,00 € ;
Club Med NL EML Mai 26;NL;ADV;Tracker;Emailing;Active;Gabin ????;Guillaume; 2 750,00 € ;20/05/2026;02/06/2026;CPC; 0,90 € ; 0,80 € ; 0,40 € ;44,44%;3056;437;2 730,00 €;392,86 €;3031;25; 20,00 € ; 10,00 € ;1%;15%;CLUB MED;B2C;;TRAVEL; 10,00 € ;
Club Med UK Avril Mai 26;UK;ADV;Tracker;Emailing;Budget non-atteint;Gabin ????;Guillaume; 9 800,00 € ;29/04/2026;13/05/2026;CPC; 0,90 € ; 0,90 € ; 0,45 € ;50,00%;10889;16696;840,50 €;15 026,67 €;934;9 955; 8 959,50 € ; 4 479,75 € ;91%;Finie;CLUB MED;B2C;;TRAVEL; 4 479,75 € ;
Club Med UK EML Mai 26;UK;ADV;Tracker;Emailing;Active;Gabin ????;Guillaume; 7 961,00 € ;19/05/2026;02/06/2026;CPC; 0,90 € ; 0,90 € ; 0,45 € ;50,00%;8846;1769;5 756,00 €;1 592,20 €;6396;2 450; 2 205,00 € ; 1 102,50 € ;28%;21%;CLUB MED;B2C;;TRAVEL; 1 102,50 € ;
Club Med US Mai 26;US;ADV;Tracker;Emailing;Budget non-atteint;Gabin ????;Guillaume; 3 250,00 € ;05/05/2026;19/05/2026;CPC; 0,90 € ; 0,90 € ; 0,45 € ;50,00%;3611;4093;359,20 €;3 683,33 €;399;3 212; 2 890,80 € ; 1 445,40 € ;89%;Finie;CLUB MED;B2C;;TRAVEL; 1 445,40 € ;
COSTA FR;FR;DAT;Tracker ;Emailing;Active;Sammy ????;Alexander; 5 000,00 € ;13/05/2026;30/05/2026;CPC; 1,00 € ; 1,00 € ; 0,20 € ;51,90%;5000;2500;1 133,00 €;2 500,00 €;1133;3 867; 3 867,00 € ; 1 860,00 € ;77%;53%;;;;;;
Decathlon P3 été;FR;CAR;Tracker ;Emailing;Active;Murah ????;Guillaume; 33 200,00 € ;25/05/2026;26/07/2026;CPC; 0,40 € ; 0,40 € ; 0,20 € ;#DIV/0!;83000;-3952;33 200,00 €;-1 580,95 €;83000;; -   € ; -   € ;0%;-5%;;;;;;
Dessange - SOCIAL;FR;CAR;Leadflow;Social;Set-up;Yanis ????;Carolane; 15 000,00 € ;12/05/2026;23/05/2026;CPL; 1,50 € ; 1,50 € ;#DIV/0!;#DIV/0!;10000;;;;;;;;;;;;;;;
Dessange Festival de Cannes;FR;CAR;Tracker ;Emailing;Active;Murah ????;Carolane; 5 000,00 € ;12/05/2026;23/05/2026;CPC; 0,50 € ; 0,50 € ; 0,20 € ;78,47%;10000;8333;2 143,50 €;4 166,67 €;4287;5 713; 2 856,50 € ; 614,88 € ;57%;91%;;;;;;
Dessange Fętes des mčres;FR;CAR;Tracker ;Emailing;Set-up;Murah ????;Carolane; 5 000,00 € ;25/05/2026;02/06/2026;CPC; 0,50 € ; 0,50 € ; 0,20 € ;#DIV/0!;10000;-3333;5 000,00 €;-1 666,67 €;10000;0; -   € ; 614,88 € ;0%;-38%;;;;;;
Dessange Soldes été;FR;CAR;Tracker ;Emailing;Set-up;Murah ????;Carolane; 5 000,00 € ;24/06/2026;21/07/2026;CPC; 0,50 € ; 0,50 € ; 0,20 € ;#DIV/0!;10000;-11786;5 000,00 €;-5 892,86 €;10000;0; -   € ; 614,88 € ;0%;-122%;;;;;;
DS Automobiles B2C EMAIL;FR;CAR;Admin;Emailing;Budget fait;Vincent ????;Estelle; 5 885,00 € ;04/05/2026;31/05/2026;CPL; 55,00 € ; 44,00 € ; 22,00 € ;69,89%;107;69;5 753,00 €;3 783,21 €;-25;132; 5 808,00 € ; 1 749,00 € ;123%;67%;DS AUTOMOBILES;B2C;DS 7;AUTOMOBILE;;
DS Automobiles B2C EMAIL CC;FR;CAR;Admin;Emailing;Budget fait;Philippe ????;Estelle; 5 885,00 € ;04/05/2026;31/05/2026;CPL; 55,00 € ; 44,00 € ; 7,50 € ;82,95%;107;69;5 800,00 €;3 783,21 €;22;85; 3 740,00 € ; 637,50 € ;79%;67%;DS AUTOMOBILES;B2C;DS 7;AUTOMOBILE;;
EDC - INTER;FR;CAR;Leadflow;Social;Active;Yanis ????;Manon; 2 500,00 € ;01/05/2026;31/05/2026;CPL; 25,00 € ; 25,00 € ; 8,66 € ;65,37%;100;68;750,00 €;1 693,55 €;30;70; 1 750,00 € ; 606,00 € ;70%;70%;EDC;B2C;;SERVICES; 1 144,00 € ;
EDC - MSC - FR;FR;CAR;Leadflow;Social;Budget fait;Yanis ????;Manon; 2 500,00 € ;01/05/2026;31/05/2026;CPL; 50,00 € ; 50,00 € ; 16,95 € ;66,09%;50;34;-1 100,00 €;1 693,55 €;-22;72; 3 600,00 € ; 1 220,73 € ;144%;70%;EDC;B2C;;SERVICES; 2 379,27 € ;
EDC - PGE;FR;CAR;Leadflow;Social;Budget fait;Yanis ????;Manon; 1 600,00 € ;01/05/2026;31/05/2026;CPL; 80,00 € ; 80,00 € ; 8,63 € ;89,21%;20;14;0,00 €;1 083,87 €;0;20; 1 600,00 € ; 172,67 € ;100%;70%;EDC;B2C;;SERVICES; 1 427,33 € ;
ES - JIMSOL ENERGIA;ES;DAT;Leadflow;Social;Set-up;Yanis ????;Malu; 2 250,00 € ;25/05/2026;31/05/2026;CPL; 30,00 € ; 30,00 € ;#DIV/0!;#DIV/0!;75;-32;2 250,00 €;-964,29 €;75;;;;0%;-50%;JIMSOL ENERGIA;B2C;;ÉNERGIE; -   € ;SET
ES_CAIXABANK_CPC;ES;DAT;Tracker;Emailing;Budget fait;Sammy ????;Malu; 1 050,00 € ;01/05/2026;30/05/2026;CPC; 0,35 € ; 0,35 € ; 0,20 € ;42,86%;3000;2100;-350,00 €;735,00 €;-1000;4 000; 1 400,00 € ; 800,00 € ;133%;72%;;;;;;
ES_ELTEX - Social;ES;DAT;Leadflow;Emulation;Active;Yanis ????;Malu; 8 750,00 € ;01/05/2026;31/05/2026;CPL; 25,00 € ; 25,00 € ; 19,00 € ;14,27%;350;237;5 050,00 €;5 927,42 €;202;148; 3 700,00 € ; 3 172,00 € ;42%;70%;;;;;;
ES_ELTEX_SOLAR;ES;DAT;Leadflow;Emulation;Active;Gabin ????;Malu; 5 000,00 € ;01/05/2026;31/05/2026;CPL; 25,00 € ; 25,00 € ; 19,00 € ;59,54%;200;135;1 975,00 €;3 387,10 €;79;121; 3 025,00 € ; 1 224,00 € ;61%;70%;;;;;;
ES_HALEON-B2B_CPM;ES;DAT;Tracker;Emailing;Budget fait;Gabin ????;Malu; 1 638,00 € ;11/05/2026;11/05/2026;CPM; 26,00 € ; 26,00 € ; 5,00 € ;80,77%;63;693;-442,00 €;18 018,00 €;-17;80; 2 080,00 € ; 400,00 € ;127%;#DIV/0!;MERCEDES;B2C;;AUTOMOBILE; 1 680,00 € ;
ES_PELAYO-VIDA_CPL_Avril25;ES;DAT;Report;Emailing;Active;Sammy ????;Malu; 820,00 € ;01/05/2026;30/05/2026;CPL; 10,00 € ; 10,00 € ; 7,00 € ;53,75%;82;57;420,00 €;574,00 €;42;40; 400,00 € ; 185,00 € ;49%;72%;PELAYO VIDA;B2C;;BANQUE & ASSURANCE; 215,00 € ;
ES_SECURITAS-DIRECT_CPL;ES;DAT;Tracker;Emailing;Budget fait;Gabin ????;Malu; 1 050,00 € ;05/05/2026;31/05/2026;CPL; 14,00 € ; 14,00 € ; 8,00 € ;42,86%;75;47;970,00 €;661,11 €;-5;80; 1 120,00 € ; 640,00 € ;107%;65%;SECURITAS;B2C;;SÉCURITÉ; 480,00 € ;
FIAT PRO;FR;CAR;Leadflow;Emailing;Active;Vincent ????;Estelle; 6 120,00 € ;;31/05/2026;CPL; 120,00 € ; 96,00 € ;;100,00%;51;51;5 160,00 €;6 118,67 €;41;10; 960,00 € ; -   € ;20%;100%;FIAT;B2B;PRO;AUTOMOBILE;;
FORD E-Transit EMAIL;FR;CAR;Leadflow;Emailing;Active;Vincent ????;Manon; 8 000,00 € ;20/05/2026;31/05/2026;CPL; 80,00 € ; 80,00 € ; 40,00 € ;#DIV/0!;100;17;8 000,00 €;1 333,33 €;100;;;;0%;18%;FORD;B2B;E-Transit;AUTOMOBILE;;
FORD E-Transit SOCIAL;FR;CAR;Leadflow;Social;Set-up;Yanis ????;Manon; 4 800,00 € ;20/05/2026;31/05/2026;CPL; 80,00 € ; 80,00 € ; 40,00 € ;#DIV/0!;60;10;4 800,00 €;800,00 €;60;;;;0%;18%;FORD;B2B;E-Transit;AUTOMOBILE;;
FORD Explorer;FR;CAR;Tracker ;Emailing;Active;Vincent ????;Manon; 2 000,00 € ;11/05/2026;31/05/2026;CPL; 55,00 € ; 55,00 € ; 25,00 € ;54,55%;36;19;405,00 €;1 047,62 €;7;29; 1 595,00 € ; 725,00 € ;80%;55%;FORD;B2C;Explorer;AUTOMOBILE;;
FORD GEN E EMAIL;FR;CAR;Tracker ;Emailing;Budget fait;Vincent ????;Manon; 1 000,00 € ;11/05/2026;31/05/2026;CPL; 50,00 € ; 50,00 € ; 25,00 € ;48,00%;20;10;0,00 €;523,81 €;0;20; 1 000,00 € ; 520,00 € ;100%;55%;FORD;B2C;GEN E;AUTOMOBILE;;
FORD GEN E EMAIL CC;FR;CAR;Tracker ;Emailing;Budget fait;Philippe ????;Manon; 1 000,00 € ;11/05/2026;31/05/2026;CPL; 50,00 € ; 50,00 € ; 7,50 € ;85,00%;20;10;-50,00 €;523,81 €;-1;21; 1 050,00 € ; 157,50 € ;105%;55%;FORD;B2C;GEN E;AUTOMOBILE;;
FR_ENI PLENITUDE Email;FR;DAT;Client;Emailing;set-up;Murah ????;Guillaume; 1 250,00 € ;10/03/2026;31/03/2026;CPL; 25,00 € ; 18,00 € ; 18,00 € ;#DIV/0!;50;166;1 250,00 €;4 147,73 €;50;; -   € ; -   € ;0%;Finie;ENI;B2C;;ÉNERGIE; -   € ;SET
FR_ENI PLENITUDE Emul;FR;DAT;Client;Emulation;Active;Murah ????;Guillaume; 7 500,00 € ;21/03/2026;31/03/2026;CPL; 25,00 € ; 18,00 € ; 18,00 € ;#DIV/0!;300;1691;7 500,00 €;42 272,73 €;300;; -   € ; -   € ;0%;Finie;ENI;B2C;;ÉNERGIE; -   € ;
HAVAIANAS_ES_MAY26;ES;DAT;Leadflow;Coreg;Active;Gabin ????;Malu; 2 500,00 € ;11/05/2026;31/05/2026;CPC; 0,55 € ; 0,55 € ; 0,30 € ;45,45%;4545;2381;344,00 €;1 309,52 €;625;3 920; 2 156,00 € ; 1 176,00 € ;86%;55%;;;;;;
HAVAIANAS_FR_MAY26;FR;DAT;Leadflow;Coreg;Active;Vincent ????;Malu; 8 750,00 € ;11/05/2026;31/05/2026;CPC; 0,55 € ; 0,55 € ; 0,30 € ;45,45%;15909;8333;4 735,00 €;4 583,33 €;8609;7 300; 4 015,00 € ; 2 190,00 € ;46%;55%;;;;;;
HAVAIANAS_IT_MAY26;IT;DAT;Leadflow;Coreg;Active;Gabin ????;Malu; 5 000,00 € ;11/05/2026;31/05/2026;CPC; 0,55 € ; 0,55 € ; 0,30 € ;45,45%;9091;4762;1 819,90 €;2 619,05 €;3309;5 782; 3 180,10 € ; 1 734,60 € ;64%;55%;;;;;;
HAVAIANAS_PT_MAY26;PT;DAT;Leadflow;Coreg;Active;Gabin ????;Malu; 2 500,00 € ;11/05/2026;31/05/2026;CPC; 0,55 € ; 0,55 € ; 0,30 € ;45,45%;4545;2381;1 337,30 €;1 309,52 €;2431;2 114; 1 162,70 € ; 634,20 € ;47%;55%;;;;;;
HAVAIANAS_UK_MAY26;UK;DAT;Leadflow;Coreg;Active;Gabin ????;Malu; 6 250,00 € ;11/05/2026;31/05/2026;CPC; 0,75 € ; 0,75 € ; 0,50 € ;33,33%;8333;4365;3 036,25 €;3 273,81 €;4048;4 285; 3 213,75 € ; 2 142,50 € ;51%;55%;;;;;;
HOGAR SOLAR - Externe;ES;DAT;Leadflow;Social;Budget fait;Gabin ????;Malu; 600,00 € ;01/05/2026;31/05/2026;CPL; 24,00 € ; 24,00 € ; 63,20 € ;-163,33%;25;17;0,00 €;406,45 €;0;25; 600,00 € ; 1 580,00 € ;100%;70%;HOGAR SOLAR;B2C;;ÉNERGIE;-980,00 € ;SET
HOGAR SOLAR - SNAPCHAT;ES;DAT;Leadflow;Social;Set-up;Yanis ????;Malu; 12 792,00 € ;01/05/2026;31/05/2026;CPL; 24,00 € ; 24,00 € ;#DIV/0!;#DIV/0!;20;361;12 792,00 €;8 665,55 €;20;0; -   € ; -   € ;0%;70%;HOGAR SOLAR;B2C;;ÉNERGIE; -   € ;SET
HOGAR SOLAR - SOCIAL;ES;DAT;Leadflow;Social;Active;Yanis ????;Malu; 12 312,00 € ;01/05/2026;31/05/2026;CPL; 24,00 € ; 24,00 € ; 12,68 € ;47,17%;505;348;2 976,00 €;8 340,39 €;116;389; 9 336,00 € ; 4 932,00 € ;77%;70%;HOGAR SOLAR;B2C;;ÉNERGIE; 4 404,00 € ;SET
IT_Bper_Conto-Online CPA;IT;ADV;Tracker;Emailing;Active;Sammy ????;Malu; 2 970,00 € ;30/04/2026;30/05/2026;CPA; 330,00 € ; 330,00 € ; 110,00 € ;#DIV/0!;9;6;2 970,00 €;2 107,74 €;9;0; -   € ; 195,00 € ;0%;73%;BPER;;;BANQUE & ASSURANCE;-195,00 € ;
IT_Bper_Mutuo CPL (Generico&Green);IT;ADV;Tracker;Emailing;Active;Sammy ????;Malu; 15 008,00 € ;01/05/2026;28/05/2026;CPL; 16,00 € ; 16,00 € ; 8,00 € ;50,00%;938;704;1 984,00 €;11 256,00 €;124;814; 13 024,00 € ; 6 512,00 € ;87%;78%;BPER;;;BANQUE & ASSURANCE; 6 512,00 € ;
IT_Costa-Crociere_Mai26;IT;DAT;Report;Emailing;Active;Gabin ????;Alexander; 10 000,00 € ;05/05/2026;31/05/2026;CPV; 1,00 € ; 1,00 € ; 0,30 € ;70,00%;10000;6296;3 511,00 €;6 296,30 €;3511;6 489; 6 489,00 € ; 1 946,70 € ;65%;65%;;;;;;
IT_FORD_APPROVED;IT;DAT;Leadflow;Emulation;Active;Gabin ????;Alexander; 2 321,00 € ;01/05/2026;31/05/2026;CPL; 11,00 € ; 11,00 € ; 7,50 € ;31,82%;211;143;2 149,00 €;1 572,29 €;39;172; 1 892,00 € ; 1 290,00 € ;82%;70%;FORD;B2C;;AUTOMOBILE; 602,00 € ;
IT_FORD_APPROVED - Social;IT;DAT;Leadflow;Social;En Pause;Yanis ????;Alexander; 1 375,00 € ;01/05/2026;31/05/2026;CPL; 11,00 € ; 11,00 € ; 42,93 € ;-290,28%;100;85;1 336,00 €;931,45 €;61;39; 429,00 € ; 1 674,31 € ;39%;70%;;;;;;
IT_FORD_BLUE;IT;DAT;Leadflow;Emulation;Active;Gabin ????;Alexander; 1 770,00 € ;01/05/2026;31/05/2026;CPL; 15,00 € ; 15,00 € ; 10,00 € ;33,33%;118;80;1 658,00 €;1 199,03 €;6;112; 1 680,00 € ; 1 120,00 € ;95%;70%;FORD;B2C;;AUTOMOBILE; 560,00 € ;
IT_FORD_BLUE - Social;IT;DAT;Leadflow;Social;En Pause;Yanis ????;Alexander; 1 275,00 € ;01/05/2026;31/05/2026;CPL; 15,00 € ; 15,00 € ; 46,05 € ;-206,98%;58;58;1 223,00 €;863,71 €;6;52; 780,00 € ; 2 394,43 € ;90%;70%;;;;;;
IT_Mazda_3_Apr-May26 Tag A;IT;DAT;Report;Social;Active;Gabin ????;Alexander; 8 349,00 € ;23/04/2026;31/05/2026;CPL; 33,00 € ; 33,00 € ; 15,00 € ;54,55%;253;188;8 141,00 €;6 208,23 €;45;208; 6 864,00 € ; 3 120,00 € ;82%;76%;MAZDA;B2C;;AUTOMOBILE; 3 744,00 € ;
IT_Mazda_CX-30_Apr-May26 Tag A;IT;DAT;Report;Social;Budget fait;Gabin ????;Alexander; 6 600,00 € ;17/04/2026;31/05/2026;CPL; 33,00 € ; 33,00 € ; 15,00 € ;100,00%;200;156;-330,00 €;5 133,33 €;-10;210; 6 930,00 € ;;105%;80%;MAZDA;B2C;;AUTOMOBILE; 6 930,00 € ;
IT_Mercedes_May2026;IT;DAT;Tracker;Display;Active;Gabin ????;Alexander; 10 000,00 € ;04/05/2026;07/06/2026;CPC; 0,50 € ; 0,50 € ; 0,30 € ;40,00%;20000;10286;1 395,50 €;5 142,86 €;2791;17 209; 8 604,50 € ; 5 162,70 € ;86%;53%;MERCEDES;B2C;;AUTOMOBILE; 3 441,80 € ;
IT_NISSAN - JUKE - May26;IT;DAT;Tracker ;Emailing;Active;Gabin ????;Alexander; 10 000,00 € ;11/05/2026;31/05/2026;CPC; 0,50 € ; 0,50 € ; 0,22 € ;56,00%;20000;10476;-9,00 €;5 238,10 €;9991;10 009; 5 004,50 € ; 2 201,98 € ;50%;55%;NISSAN;B2C;;AUTOMOBILE; 2 802,52 € ;
IT_NISSAN - Micra - May26;IT;DAT;Tracker ;Emailing;Active;Gabin ????;Alexander; 5 000,00 € ;01/05/2026;31/05/2026;CPC; 0,55 € ; 0,55 € ; 0,22 € ;60,00%;9091;6158;-571,00 €;3 387,10 €;3520;5 571; 3 064,05 € ; 1 225,62 € ;61%;70%;NISSAN;B2C;;AUTOMOBILE; 1 838,43 € ;
IT_NISSAN - Qashqai - May26;IT;DAT;Tracker ;Emailing;Active;Gabin ????;Alexander; 11 000,00 € ;05/05/2026;31/05/2026;CPC; 0,50 € ; 0,50 € ; 0,22 € ;56,00%;22000;13852;-1 774,00 €;6 925,93 €;9226;12 774; 6 387,00 € ; 2 810,28 € ;58%;65%;NISSAN;B2C;;AUTOMOBILE; 3 576,72 € ;
IT_NISSAN - X-trail - May26;IT;DAT;Tracker ;Emailing;Active;Gabin ????;Alexander; 11 000,00 € ;06/05/2026;31/05/2026;CPC; 0,50 € ; 0,50 € ; 0,22 € ;56,00%;22000;13538;-2 072,00 €;6 769,23 €;8928;13 072; 6 536,00 € ; 2 875,84 € ;59%;64%;NISSAN;B2C;;AUTOMOBILE; 3 660,16 € ;
IT_OperaSanFrancesco_5x1000_May26;IT;DAT;Tracker ;Emailing;Active;Gabin ????;Alexander; 3 000,00 € ;29/04/2026;31/05/2026;CPL; 0,70 € ; 0,70 € ; 0,30 € ;57,14%;4286;2987;688,60 €;2 090,91 €;984;3 302; 2 311,40 € ; 990,60 € ;77%;72%;OPERA SAN FRANCESCO;B2C;;SERVICES; 1 320,80 € ;
IT_PosteMobile_WOW150_CPC_May26;IT;DAT;Tracker ;Display;Active;Gabin ????;Alexander; 7 000,00 € ;04/05/2026;31/05/2026;CPC; 0,50 € ; 0,50 € ; 0,20 € ;60,00%;14000;9000;1 327,00 €;4 500,00 €;8327;5 673; 2 836,50 € ; 1 134,60 € ;41%;67%;CAROLL;B2C;;RETAIL;;
JEEP - B2B - SOCIAL;FR;CAR;Leadflow;Social;Active;Yanis ????;Estelle; 5 900,00 € ;01/05/2026;31/05/2026;CPL; 100,00 € ; 80,00 € ; 26,11 € ;67,37%;43;40;2 860,00 €;3 996,77 €;5;38; 3 040,00 € ; 992,00 € ;88%;70%;JEEP;B2B;;AUTOMOBILE; 2 048,00 € ;
Jeep Compass B2B - EMAIL;FR;CAR;Leadflow;Emailing;set-up;Vincent ????;Estelle; 2 950,00 € ;04/05/2026;31/05/2026;CPL; 100,00 € ; 80,00 € ; 40,00 € ;#DIV/0!;30;19;2 950,00 €;1 896,43 €;30;; -   € ; -   € ;0%;67%;JEEP;B2B;;AUTOMOBILE; -   € ;
Jeep Compass B2B - EMAIL CC;FR;CAR;Leadflow;Emailing;set-up;Philippe ????;Estelle; 2 950,00 € ;04/05/2026;31/05/2026;CPL; 100,00 € ; 80,00 € ; 40,00 € ;#DIV/0!;30;19;2 950,00 €;1 896,43 €;30;; -   € ; -   € ;0%;67%;JEEP;B2B;;AUTOMOBILE; -   € ;
Jeep Compass B2B - Soutien SOCIAL;FR;CAR;Leadflow;Social;Budget fait;Vincent ????;Estelle; 1 600,00 € ;01/05/2026;30/05/2026;CPL; 100,00 € ; 80,00 € ; 40,00 € ;50,00%;16;11;320,00 €;1 120,00 €;0;16; 1 280,00 € ; 640,00 € ;100%;72%;JEEP;B2B;;AUTOMOBILE;;
KARAVEL FRAM - COREG;FR;ADV;Leadflow;Coreg;Active;Vincent ????;Carolane; 6 736,05 € ;05/05/2026;30/05/2026;CPL; 0,45 € ; 0,45 € ; 0,25 € ;44,44%;14969;9787;2 899,80 €;4 404,34 €;6444;8 525; 3 836,25 € ; 2 131,25 € ;57%;68%;FRAM;B2C;;TRAVEL; 1 705,00 € ;
KARAVEL PMVC - COREG;FR;ADV;Leadflow;Coreg;Active;Vincent ????;Carolane; 3 430,35 € ;05/05/2026;31/05/2026;CPL; 0,45 € ; 0,45 € ; 0,20 € ;46,73%;7623;4800;102,15 €;2 159,85 €;227;7 396; 3 328,20 € ; 1 773,00 € ;97%;65%;PMVC;B2C;;TRAVEL; 1 555,20 € ;
Kena - ITALY - SOCIAL;IT;DAT;Leadflow;Social;Active;Yanis ????;Alexander; 2 250,00 € ;01/05/2026;31/05/2026;CPL; 6,00 € ; 6,00 € ; 2,59 € ;56,88%;375;254;1 872,00 €;1 524,19 €;312;63; 378,00 € ; 163,00 € ;17%;70%;MAZDA;;;AUTOMOBILE; 215,00 € ;
Lafuma Mobilier mai-juin;FR;CAR;Tracker ;Emailing;set-up;Murah ????;Guillaume; 7 000,00 € ;20/05/2026;21/06/2026;CPC; 0,40 € ; 0,40 € ; 0,20 € ;#DIV/0!;17500;1061;7 000,00 €;424,24 €;17500;; -   € ; -   € ;0%;6%;PARFUMERIE BURDIN;B2C;;BEAUTÉ & MODE; -   € ;
LafumaMobilier DE Avril Mai 26;DE;ADV;Tracker;Emailing;Budget fait;Murah ????;Guillaume; 3 000,00 € ;17/04/2026;17/05/2026;CPC; 0,60 € ; 0,60 € ; 0,40 € ;33,33%;5000;5645;-21,60 €;3 387,10 €;-36;5 036; 3 021,60 € ; 2 014,40 € ;101%;Finie;CLUB MED;B2C;;TRAVEL; 1 007,20 € ;
LafumaMobilier FR Partie 2;FR;ADV;Tracker ;Emailing;budget fait;Murah ????;Guillaume; 10 000,00 € ;17/04/2026;17/05/2026;CPC; 0,40 € ; 0,40 € ; 0,20 € ;67,65%;25000;28226;-15 000,00 €;11 290,32 €;0;25 000; 10 000,00 € ; 3 235,00 € ;100%;Finie;LAFUMA MOBILIER;B2C;;SERVICES; 6 765,00 € ;INVALID
Leapmotor EMAIL;FR;CAR;Tracker ;Emailing;Active;Vincent ????;Estelle; 1 912,50 € ;15/05/2026;31/05/2026;CPL; 45,00 € ; 36,00 € ; 22,00 € ;38,89%;43;18;544,50 €;787,50 €;5;38; 1 368,00 € ; 836,00 € ;89%;44%;LEAPMOTOR;B2C;T03 B10 C10;AUTOMOBILE;;
Leapmotor EMAIL CC;FR;CAR;Tracker ;Emailing;Active;Philippe ????;Estelle; 1 912,50 € ;15/05/2026;31/05/2026;CPL; 45,00 € ; 36,00 € ; 7,50 € ;79,17%;43;18;1 228,50 €;787,50 €;24;19; 684,00 € ; 142,50 € ;45%;44%;LEAPMOTOR;B2C;T03 B10 C10;AUTOMOBILE;;
LEXUS LBX EMAIL;FR;CAR;Tracker ;Emailing;Active;Vincent ????;Manon; 2 850,00 € ;05/05/2026;31/05/2026;CPL; 50,00 € ; 50,00 € ; 25,00 € ;50,00%;57;36;100,00 €;1 794,44 €;2;55; 2 750,00 € ; 1 375,00 € ;96%;65%;LEXUS;B2C;LBX;AUTOMOBILE;;
LEXUS LBX EMAIL CC;FR;CAR;Tracker ;Emailing;Active;Philippe ????;Manon; 1 000,00 € ;05/05/2026;31/05/2026;CPL; 50,00 € ; 50,00 € ; 7,50 € ;85,00%;20;13;50,00 €;629,63 €;1;19; 950,00 € ; 142,50 € ;95%;65%;LEXUS;B2C;LBX;AUTOMOBILE;;
LEXUS LBX SOCIAL;FR;CAR;Tracker ;Social;En Pause;Yanis ????;Manon; 2 825,00 € ;01/05/2026;31/05/2026;CPL; 50,00 € ; 50,00 € ; 76,00 € ;-52,00%;57;38;1 975,00 €;1 913,71 €;40;17; 850,00 € ; 1 292,00 € ;30%;70%;LEXUS;B2C;LBX;AUTOMOBILE;;
Lexus RZ x SSP - LVA - SOCIAL ;FR;CAR;Leadflow;Social;Budget Fait;Yanis ????;Manon; 195,00 € ;01/05/2026;31/05/2026;CPL; 65,00 € ; 65,00 € ; 32,59 € ;49,86%;3;2;185,00 €;132,10 €;-7;10; 650,00 € ; 325,90 € ;333%;70%;LEXUS;B2C;RZ;AUTOMOBILE; 324,10 € ;
MARQUETIS - GUILLAUME - SOCIAL_SIMPLISSIME;FR;CAR;Leadflow;Social;Budget non-atteint;Yanis ????;Guillaume; 15 000,00 € ;01/05/2026;15/05/2026;CPL; 60,00 € ; 60,00 € ; 37,49 € ;37,51%;250;350;11 160,00 €;21 000,00 €;186;64; 3 840,00 € ; 2 399,64 € ;26%;Finie;MARQUETIS;B2B;;SERVICES; 1 440,36 € ;
MARQUETIS - GUILLAUME - SOCIAL_VO-VN;FR;CAR;Leadflow;Social;Active;Yanis ????;Guillaume; 15 000,00 € ;01/05/2026;31/05/2026;CPL; 60,00 € ; 60,00 € ; 21,44 € ;64,27%;436;169;6 360,00 €;10 161,29 €;292;144; 8 640,00 € ; 3 087,00 € ;33%;70%;MARQUETIS;B2B;;SERVICES; 5 553,00 € ;
MAZDA - 3 - ITALY - SNAPCHAT;IT;DAT;Leadflow;Social;Set-up;Yanis ????;Alexander;;01/05/2026;31/05/2026;CPL; 33,00 € ; 33,00 € ;#DIV/0!;#DIV/0!;20;0;0,00 €;0,00 €;20;0; -   € ; -   € ;0%;70%;MAZDA;;;AUTOMOBILE; -   € ;
MAZDA - 3 - ITALY - SOCIAL;IT;DAT;Leadflow;Social;Active;Yanis ????;Alexander; 1 650,00 € ;01/05/2026;31/05/2026;CPL; 33,00 € ; 33,00 € ; 15,84 € ;51,99%;30;34;1 023,00 €;1 117,74 €;11;19; 627,00 € ; 301,00 € ;63%;70%;MAZDA;;;AUTOMOBILE; 326,00 € ;
MAZDA - CX-30 - ITALY - SOCIAL;IT;DAT;Leadflow;Social;Budget fait;Yanis ????;Alexander; 7 920,00 € ;01/05/2026;31/05/2026;CPL; 33,00 € ; 33,00 € ; 13,33 € ;59,61%;300;163;-2 937,00 €;5 365,16 €;-29;329; 10 857,00 € ; 4 385,06 € ;110%;70%;MAZDA;;;AUTOMOBILE; 6 471,94 € ;
MIATEL - ESPAGNE - B2B;ES;CAR;Leadflow;Social;En Pause;Yanis ????;Malu; 1 200,00 € ;01/05/2026;31/05/2026;CPL; 18,00 € ; 30,00 € ; 210,75 € ;-602,50%;67;45;1 170,00 €;812,90 €;66;1; 30,00 € ; 210,75 € ;2%;70%;MIATEL;;;TÉLÉCOM;-180,75 € ;
Mini Cooper 3 portes Emailing CPC Avril 2026 (F66);FR;CAR;Tracker ;Emailing;Active;Vincent ????;Estelle; 5 423,00 € ;04/05/2026;31/05/2026;CPC; 0,80 € ; 0,64 € ; 0,30 € ;81,15%;6779;4358;-562,00 €;3 486,21 €;794;5 985; 3 830,40 € ; 722,00 € ;88%;67%;MINI;B2C;F66;AUTOMOBILE;;SET
Mini Cooper 5 portes Emailing CPC Avril 2026 (F65);FR;CAR;Tracker ;Emailing;Active;Vincent ????;Estelle; 11 633,67 € ;04/05/2026;30/06/2026;CPC; 0,80 € ; 0,64 € ; 0,30 € ;67,65%;14542;4513;4 267,67 €;3 610,45 €;7176;7 366; 4 714,24 € ; 1 525,00 € ;51%;32%;MINI;B2C;F65;AUTOMOBILE;;
Mini Cooper Electric Emailing CPC Avril 2026 (J01);FR;CAR;Tracker ;Emailing;Active;Vincent ????;Estelle; 4 373,00 € ;04/05/2026;31/05/2026;CPC; 0,80 € ; 0,64 € ; 0,30 € ;75,95%;5466;3514;-383,00 €;2 811,21 €;710;4 756; 3 043,84 € ; 732,00 € ;87%;67%;MINI;B2C;J01;AUTOMOBILE;;
Mini Countryman Electric Emailing CPC Avril 2026 (U25E);FR;CAR;Tracker ;Emailing;Budget fait;Vincent ????;Estelle; 3 534,00 € ;04/05/2026;31/05/2026;CPC; 0,80 € ; 0,64 € ; 0,30 € ;57,84%;4418;2840;-884,00 €;2 271,86 €;-1;4 418; 2 827,52 € ; 1 192,00 € ;100%;67%;MINI;B2C;U25E;AUTOMOBILE;;
Mini Countryman Emailing CPC Avril 2026 (U25);FR;CAR;Tracker ;Emailing;Active;Vincent ????;Estelle; 19 193,00 € ;04/05/2026;30/06/2026;CPC; 0,80 € ; 0,64 € ; 0,30 € ;61,84%;23991;7446;11 589,00 €;5 956,45 €;16387;7 604; 4 866,56 € ; 1 857,00 € ;32%;32%;MINI;B2C;U25;AUTOMOBILE;;
Morgan Mania BOOSTER;FR;CAR;Tracker ;Emailing;budget fait;Murah ????;Estelle; 3 400,00 € ;24/04/2026;05/05/2026;CPC; 0,26 € ; 0,26 € ; 0,27 € ;-3,32%;13077;30513;-23,42 €;7 933,33 €;-90;13 167; 3 423,42 € ; 3 537,00 € ;101%;Finie;MORGAN;B2C;;BEAUTÉ & MODE;-113,58 € ;
MORGAN OUTLET;FR;ADV;Tracker;Emailing;Active;Murah ????;Estelle; 1 600,00 € ;23/05/2026;24/05/2026;CPC; 0,27 € ; 0,27 € ; 0,18 € ;#DIV/0!;5926;-2963;1 600,00 €;-800,00 €;5926;0; -   € ; -   € ;0%;-100%;;B2C;;;;
NISSAN - MICRA - ITALY - SOCIAL;IT;CAR;Leadflow;Social;Active;Yanis ????;Alexander; 2 025,00 € ;01/05/2026;31/05/2026;CPL; 30,00 € ; 30,00 € ; 56,14 € ;-87,14%;35;46;1 815,00 €;1 371,77 €;28;7; 210,00 € ; 393,00 € ;20%;70%;NISSAN;B2C;;AUTOMOBILE;-183,00 € ;
NISSAN - QASHQAI - ITALY - SOCIAL;IT;DAT;Leadflow;Social;Active;Yanis ????;Alexander; 1 485,00 € ;01/05/2026;31/05/2026;CPL; 33,00 € ; 27,00 € ; 11,16 € ;58,67%;55;30;459,00 €;1 005,97 €;17;38; 1 026,00 € ; 424,00 € ;69%;70%;;;;;;
NISSAN JUKE EMAIL;FR;CAR;Tracker ;Emailing;Budget fait;Vincent ????;Manon; 3 240,00 € ;01/05/2026;31/05/2026;CPL; 45,00 € ; 45,00 € ; 20,00 € ;55,56%;72;49;-90,00 €;2 194,84 €;-2;74; 3 330,00 € ; 1 480,00 € ;103%;70%;NISSAN;B2C;JUKE;AUTOMOBILE;;
NISSAN JUKE EMAIL CC;FR;CAR;Tracker ;Emailing;Budget fait;Philippe ????;Manon; 1 620,00 € ;01/05/2026;31/05/2026;CPL; 45,00 € ; 45,00 € ; 7,50 € ;83,33%;36;24;315,00 €;1 097,42 €;7;29; 1 305,00 € ; 217,50 € ;81%;70%;NISSAN;B2C;JUKE;AUTOMOBILE;;
NISSAN JUKE SOCIAL;FR;CAR;Tracker ;Social;Active;Yanis ????;Manon; 1 620,00 € ;01/05/2026;31/05/2026;CPL; 45,00 € ; 45,00 € ; 28,79 € ;36,03%;36;24;990,00 €;1 097,42 €;22;14; 630,00 € ; 403,00 € ;39%;70%;NISSAN;B2C;JUKE;AUTOMOBILE;;
OPEL VP Reprise SOCIAL;FR;CAR;Leadflow;Social;Budget fait;Yanis ????;Estelle; 11 920,00 € ;01/05/2026;31/05/2026;CPL; 40,00 € ; 32,00 € ; 8,36 € ;73,88%;159;202;11 754,00 €;8 074,84 €;-7;166; 5 312,00 € ; 1 387,50 € ;104%;70%;OPEL;B2C;VP;AUTOMOBILE;;
OPEL VP SOCIAL;FR;CAR;Leadflow;Social;Active;Yanis ????;Estelle; 6 345,00 € ;01/05/2026;31/05/2026;CPL; 40,00 € ; 32,00 € ; 6,28 € ;80,38%;298;107;6 124,00 €;4 298,23 €;77;221; 7 072,00 € ; 1 387,50 € ;74%;70%;OPEL;B2C;VP;AUTOMOBILE;;
Parfumerie Burdin - fęte des mčres;FR;CAR;Tracker ;Emailing;Active;Murah ????;Manon; 3 999,84 € ;15/05/2026;29/05/2026;CPC; 0,39 € ; 0,39 € ; 0,15 € ;61,54%;10256;4786;691,86 €;1 866,59 €;1774;8 482; 3 307,98 € ; 1 272,30 € ;83%;50%;PARFUMERIE BURDIN;B2C;;BEAUTÉ & MODE; 2 035,68 € ;
PEUGEOT 408 - B2C - SOCIAL;FR;CAR;Leadflow;Social;Active;Yanis ????;Estelle; 16 320,00 € ;12/05/2026;19/05/2026;CPL; 40,00 € ; 32,00 € ; 28,20 € ;11,88%;408;510;15 360,00 €;20 400,00 €;378;30; 960,00 € ; 846,00 € ;7%;Finie;PEUGEOT;B2C;408;AUTOMOBILE; 114,00 € ;
Peugeot 408 - B2C Email;FR;CAR;Leadflow;Emailing;Budget fait;Vincent ????;Estelle; 8 000,00 € ;11/05/2026;31/05/2026;CPL; 40,00 € ; 32,00 € ; 20,00 € ;68,32%;200;105;32,00 €;4 190,48 €;-49;249; 7 968,00 € ; 2 524,00 € ;125%;55%;PEUGEOT;B2C;408;AUTOMOBILE; 5 444,00 € ;
Peugeot 408 - B2C Email CC;FR;CAR;Leadflow;Emailing;Active;Philippe ????;Estelle; 4 000,00 € ;14/05/2026;31/05/2026;CPL; 40,00 € ; 32,00 € ; 7,50 € ;76,56%;100;44;1 792,00 €;1 777,78 €;31;69; 2 208,00 € ; 517,50 € ;69%;47%;PEUGEOT;B2C;408;AUTOMOBILE; 1 690,50 € ;
Peugeot 408 - B2C Emul;FR;CAR;Leadflow;Emulation;Active;Vincent ????;Estelle; 12 320,00 € ;14/05/2026;31/05/2026;CPL; 40,00 € ; 32,00 € ; 20,00 € ;37,50%;308;137;9 280,00 €;5 475,56 €;213;95; 3 040,00 € ; 1 900,00 € ;31%;47%;PEUGEOT;B2C;408;AUTOMOBILE; 1 140,00 € ;
PEUGEOT B2B VP;FR;CAR;Leadflow;Emulation;Active;Vincent ????;Estelle; 10 150,00 € ;01/05/2026;30/05/2026;CPL; 70,00 € ; 56,00 € ; 40,00 € ;28,57%;145;102;4 494,00 €;7 105,00 €;44;101; 5 656,00 € ; 4 040,00 € ;70%;72%;PEUGEOT;B2B;VP;AUTOMOBILE;;
PEUGEOT B2B VU;FR;CAR;Leadflow;Emulation;Active;Vincent ????;Estelle; 10 150,00 € ;18/05/2026;30/05/2026;CPL; 85,00 € ; 68,00 € ; 40,00 € ;41,18%;119;37;7 022,00 €;3 123,08 €;73;46; 3 128,00 € ; 1 840,00 € ;39%;33%;PEUGEOT;B2B;VU;AUTOMOBILE;;
PEUGEOT B2B VU Social;FR;CAR;Leadflow;Social;Active;Yanis ????;Estelle; 12 750,00 € ;01/05/2026;31/05/2026;CPL; 85,00 € ; 68,00 € ; 75,26 € ;-10,68%;150;102;11 390,00 €;8 637,10 €;130;20; 1 360,00 € ; 1 505,20 € ;13%;70%;PEUGEOT;B2B;VU;AUTOMOBILE;;
POLESTAR - SOCIAL;FR;CAR;Leadflow;Social;Active;Yanis ????;Manon; 28 140,00 € ;01/05/2026;31/05/2026;CPL; 70,00 € ; 70,00 € ; 16,48 € ;76,45%;402;272;27 949,00 €;19 062,58 €;211;191; 13 370,00 € ; 3 148,00 € ;48%;70%;POLESTAR;B2B;POLESTAR4;AUTOMOBILE;;
Polestar B2B EMAIL;FR;CAR;Leadflow;Emailing;Set-up;Vincent ????;Manon; 18 000,00 € ;;30/05/2026;CPL;;;;#DIV/0!;#DIV/0!;#DIV/0!;18 000,00 €;17 996,49 €;#DIV/0!;1; -   € ; -   € ;#DIV/0!;100%;POLESTAR;B2B;POLESTAR4;AUTOMOBILE;;
PONANT - Opération Mai 2025;FR;ADV;Report;Emailing;Active;Sammy ????;Carolane; 9 499,00 € ;19/05/2026;31/05/2026;CPC; 0,70 € ; 0,70 € ; 0,30 € ;57,14%;13570;3132;6 420,40 €;2 192,08 €;9172;4 398; 3 078,60 € ; 1 319,40 € ;32%;25%;;;;;;
PSG COREG;FR;CAR;Leadflow;Coreg;Set-up;Vincent ????;; 6 000,00 € ;;30/05/2026;CPL; 0,40 € ; 0,40 € ; 0,20 € ;50,00%;15000;14997;5 999,60 €;5 998,83 €;14999;1; 0,40 € ; 0,20 € ;0%;100%;PSG;B2C;;;;
REDbySFR COREG;FR;CAR;Leadflow;Coreg;Budget fait;Vincent ????;Carolane; 2 000,00 € ;08/05/2026;30/05/2026;CPL; 0,70 € ; 0,70 € ; 0,35 € ;50,00%;2857;1739;3,60 €;1 217,39 €;5;2 852; 1 996,40 € ; 998,20 € ;100%;64%;REDbySFR;B2C;COREG;TÉLÉCOM; 998,20 € ;
Rene Furterer;FR;CAR;Leadflow;Coreg;Set-up;Vincent ????;Manon; 18 500,00 € ;;;;;;;#DIV/0!;#DIV/0!;#DIV/0!;15 000,00 €;18 500,00 €;#DIV/0!;;;;;;;;;;;
Saily;FR;ADV;Tracker;Emailing;Active;Murah ????;Carolane; 2 000,00 € ;04/05/2026;31/05/2026;CPC; 0,50 € ; 0,50 € ; 0,25 € ;50,00%;4000;2571;1 407,50 €;1 285,71 €;2815;1 185; 592,50 € ; 296,25 € ;30%;67%;SAILY;B2C;;SERVICES; 296,25 € ;
Saveurs & Vie - SOCIAL;FR;CAR;Leadflow;Social;Budget fait;Yanis ????;Carolane; 2 366,00 € ;01/05/2026;31/05/2026;CPL; 3,50 € ; 3,50 € ; 1,81 € ;48,34%;676;458;1 657,00 €;1 602,77 €;-33;709; 2 481,50 € ; 1 282,00 € ;105%;70%;SAVEURS & VIE;B2C;;RETAIL; 1 199,50 € ;
SFR - S26 - EMAILING;FR;ADV;Tracker ;Emailing;Budget fait;Sammy ????;Carolane; 5 000,00 € ;;30/05/2026;CPC; 0,90 € ; 0,90 € ; 0,45 € ;51,26%;5556;5554;15 000,00 €;4 999,03 €;0;5 556; 5 000,40 € ; 2 437,00 € ;100%;100%;SFR;B2C;S26;;;
SFR COREG;FR;CAR;Leadflow;Coreg;Budget fait;Vincent ????;Carolane; 2 000,00 € ;08/05/2026;30/05/2026;CPL; 0,70 € ; 0,70 € ; 0,35 € ;50,00%;2857;1739;3,60 €;1 217,39 €;5;2 852; 1 996,40 € ; 998,20 € ;100%;64%;SFR;B2C;COREG;TÉLÉCOM; 998,20 € ;check stat
SFR- trade samsung;FR;ADV;Tracker;Emailing;budget fait;Sammy ????;Manon; 5 000,00 € ;15/05/2026;18/05/2026;CPC; 0,90 € ; 0,90 € ; 0,41 € ;96,51%;5556;9722;-925,60 €;8 750,00 €;-1028;6 584; 5 925,60 € ; 207,00 € ;119%;Finie;;;;;;
SG Résiduel;FR;ADV;Tracker ;Emailing;budget fait;Vincent ????;Carolane;;01/05/2026;05/05/2026;CPL; 40,00 € ; 40,00 € ; 20,00 € ;54,62%;0;0;-19,00 €;0,00 €;-19;19; 930,00 € ; 422,00 € ;#DIV/0!;Finie;SG;;;;;
SOTYSOLAR - SOCIAL;ES;DAT;Leadflow;Social;En pause;Yanis ????;Malu; 2 850,00 € ;01/05/2026;31/05/2026;CPL; 25,00 € ; 19,00 € ; 2,67 € ;85,96%;114;77;1 995,00 €;1 930,65 €;69;45; 855,00 € ; 120,00 € ;39%;70%;;;;;;
SUZUKI EMAILING;FR;CAR;Leadflow;Emailing;Set-up;Vincent ????;Estelle; 3 750,00 € ;;30/05/2026;CPL; 50,00 € ; 50,00 € ; 25,00 € ;#DIV/0!;75;75;3 750,00 €;3 749,27 €;75;0; -   € ; -   € ;0%;100%;SUZUKI;B2C;;AUTOMOBILE;;
SUZUKI EMAILING CC;FR;CAR;Leadflow;Emailing;Set-up;Philippe ????;Estelle; 3 750,00 € ;;31/05/2026;CPL; 50,00 € ; 50,00 € ; 7,50 € ;#DIV/0!;75;75;3 750,00 €;3 749,19 €;75;0; -   € ; -   € ;0%;100%;SUZUKI;B2C;;AUTOMOBILE;;
SVR Emailing CPC DE Avril/Mai 2026;DE;CAR;Tracker;Emailing;pause;Murah ????;Manon; 3 000,00 € ;27/04/2026;09/05/2026;CPC; 0,80 € ; 0,80 € ; 0,45 € ;43,75%;3750;7212;2 043,20 €;5 769,23 €;2554;1 196; 956,80 € ; 538,20 € ;32%;Finie;;;;;;
TopOrder - SOCIAL;FR;CAR;Leadflow;Social;Active;Yanis ????;Guillaume; 11 000,00 € ;01/05/2026;31/05/2026;CPL; 55,00 € ; 55,00 € ; 68,10 € ;-23,82%;200;135;7 095,00 €;7 451,61 €;200;71; 3 905,00 € ; 4 835,00 € ;36%;70%;;;;;;
TOYOTA GROUPM AYGO X;FR;CAR;Tracker;Emailing;Budget fait;Vincent ????;Manon; 1 200,00 € ;06/05/2026;30/05/2026;CPL; 40,00 € ; 40,00 € ; 20,00 € ;72,41%;30;19;40,00 €;768,00 €;1;29; 1 160,00 € ; 320,00 € ;97%;67%;TOYOTA;B2C;AYGO X;AUTOMOBILE;;
TOYOTA GROUPM AYGO X EMAIL CC;FR;CAR;Tracker;Emailing;Budget fait;Philippe ????;Manon; 1 200,00 € ;06/05/2026;30/05/2026;CPL; 40,00 € ; 40,00 € ; 7,50 € ;81,25%;30;19;0,00 €;768,00 €;0;30; 1 200,00 € ; 225,00 € ;100%;67%;TOYOTA;B2C;AYGO X;AUTOMOBILE;;
TOYOTA GROUPM YARIS;FR;CAR;Tracker;Emailing;Budget fait;Vincent ????;Manon; 1 500,00 € ;06/05/2026;30/05/2026;CPL; 40,00 € ; 40,00 € ; 20,00 € ;62,21%;38;24;140,00 €;960,00 €;4;34; 1 360,00 € ; 514,00 € ;91%;67%;TOYOTA;B2C;YARIS;AUTOMOBILE;;
TOYOTA GROUPM YARIS EMAIL CC;FR;CAR;Tracker;Emailing;Budget fait;Philippe ????;Manon; 1 500,00 € ;06/05/2026;30/05/2026;CPL; 40,00 € ; 40,00 € ; 7,50 € ;81,25%;38;24;-140,00 €;960,00 €;-4;41; 1 640,00 € ; 307,50 € ;109%;67%;TOYOTA;B2C;YARIS;AUTOMOBILE;;
Vacances Lagrange_T1 0526;FR;ADV;Tracker;Emailing;Budget fait;Sammy ????;Manon; 1 600,00 € ;01/05/2026;11/05/2026;CPC; 0,60 € ; 0,60 € ; 0,25 € ;67,52%;2667;5091;-120,80 €;3 054,55 €;-201;2 868; 1 720,80 € ; 559,00 € ;108%;Finie;VACANCES LAGRANGE;B2C;;TRAVEL; 1 161,80 € ;
Vacances Lagrange_T2 0526;FR;ADV;Tracker;Emailing;Budget fait;Sammy ????;Manon; 1 200,00 € ;11/05/2026;19/05/2026;CPC; 0,60 € ; 0,60 € ; 0,25 € ;87,30%;2000;2444;-429,60 €;1 466,67 €;-716;2 716; 1 629,60 € ; 207,00 € ;136%;Finie;VACANCES LAGRANGE;B2C;;TRAVEL; 1 422,60 € ;
Vacances Lagrange_T2 0526;FR;ADV;Tracker;Emailing;Budget fait;Sammy ????;Manon; 1 200,00 € ;09/05/2026;15/04/2026;CPC; 0,60 € ; 0,60 € ; 0,25 € ;#DIV/0!;2000;-1130;1 200,00 €;-678,26 €;2000;; -   € ; -   € ;0%;-54%;VACANCES LAGRANGE;B2C;;TRAVEL; -   € ;
Vacances Lagrange_T3 0526;FR;ADV;Tracker;Emailing;Active;Sammy ????;Manon; 1 500,00 € ;20/05/2026;29/05/2026;CPC; 0,60 € ; 0,60 € ; 0,25 € ;58,33%;2500;500;981,00 €;300,00 €;1635;865; 519,00 € ; 216,25 € ;35%;22%;VACANCES LAGRANGE;B2C;;TRAVEL; 302,75 € ;
VATTENFALL - SOCIAL;FR;CAR;Leadflow;Social;Active;Yanis ????;Manon; 2 400,00 € ;01/05/2026;31/05/2026;CPL; 12,00 € ; 12,00 € ; 7,74 € ;35,50%;200;135;828,00 €;1 625,81 €;69;131; 1 572,00 € ; 1 014,00 € ;66%;70%;VATTENFALL;B2C;;ÉNERGIE; 558,00 € ;
X PENG EMAIL;FR;CAR;Admin;Emailing;Active;Vincent ????;Manon; 5 670,00 € ;06/05/2026;30/05/2026;CPL; 45,00 € ; 45,00 € ; 20,00 € ;55,56%;126;81;5 644,00 €;3 628,80 €;100;26; 1 170,00 € ; 520,00 € ;21%;67%;X PENG;B2C;G6;AUTOMOBILE;;
X PENG SOCIAL;FR;CAR;Leadflow;Social;Active;Yanis ????;Manon; 22 355,00 € ;01/05/2026;31/05/2026;CPL; 45,00 € ; 45,00 € ; 19,64 € ;56,35%;497;337;22 138,00 €;15 143,71 €;280;217; 9 765,00 € ; 4 262,00 € ;44%;70%;X PENG;B2C;G6;AUTOMOBILE;;
YOUNITED;FR;ADV;Tracker ;Emailing;Active;Sammy ????;Guillaume; 15 000,00 € ;01/05/2026;30/05/2026;CPL; 26,00 € ; 26,00 € ; 13,00 € ;55,07%;577;404;15 000,00 €;10 500,00 €;219;358; 9 308,00 € ; 4 182,00 € ;62%;72%;YOUNITED;B2C;;CREDIT;;
ES_AXA-Seguro_May26;ES;DAT;Tracker ;Emailing;Active;Gabin ????;Alexander; Open ;19/05/2026;31/05/2026;CPL; 14,00 € ; 14,00 € ; 7,00 € ;#DIV/0!;#VALEUR!;#VALEUR!;#VALEUR!;#VALEUR!;#VALEUR!;0; -   € ; -   € ;#VALEUR!;25%;CAROLL;B2C;;RETAIL;;
"	IT_Wind3_FWA_CPA_May26";IT;DAT;Tracker ;Display;Active;Gabin ????;Alexander; 2 500,00 € ;19/05/2026;31/05/2026;CPA; 70,00 € ; 70,00 € ; 15,00 € ;#DIV/0!;36;8;2 500,00 €;576,92 €;36;0; -   € ; -   € ;0%;25%;CAROLL;B2C;;RETAIL;;
"	IT_Wind3_SuperFibraUnlimited_CPL_May26";IT;DAT;Tracker ;Display;Active;Gabin ????;Alexander; 7 500,00 € ;19/05/2026;31/05/2026;CPL; 10,00 € ; 10,00 € ; 4,00 € ;#DIV/0!;750;173;7 500,00 €;1 730,77 €;750;0; -   € ; -   € ;0%;25%;CAROLL;B2C;;RETAIL;;
Florajet;FR;ADV;Tracker;Emailing;Active;Murah ????;Carolane; 2 000,00 € ;23/05/2026;31/05/2026;CPC; 0,30 € ; 0,30 € ; 0,15 € ;#DIV/0!;6667;-741;2 000,00 €;-222,22 €;6667;; -   € ; -   € ;0%;-13%;SAILY;B2C;;SERVICES; -   € ;
